,ano_campeonato,data,rodada,estadio,arbitro,publico,publico_max,time_mandante,time_visitante,tecnico_mandante,tecnico_visitante,colocacao_mandante,colocacao_visitante,valor_equipe_titular_mandante,valor_equipe_titular_visitante,idade_media_titular_mandante,idade_media_titular_visitante,gols_mandante,gols_visitante,gols_1_tempo_mandante,gols_1_tempo_visitante,escanteios_mandante,escanteios_visitante,faltas_mandante,faltas_visitante,chutes_bola_parada_mandante,chutes_bola_parada_visitante,defesas_mandante,defesas_visitante,impedimentos_mandante,impedimentos_visitante,chutes_mandante,chutes_visitante,chutes_fora_mandante,chutes_fora_visitante
0,2004,2004-04-22,1,Arena do Grêmio,,,,Grêmio,Flamengo,,,,,,,,,0.0,0.0,,,,,,,,,,,,,,,,
1,2004,2004-04-29,3,Arena do Grêmio,,,,Grêmio,Corinthians,,,,,,,,,4.0,0.0,,,,,,,,,,,,,,,,
2,2004,2004-07-21,17,Arena do Grêmio,,,,Grêmio,Paraná,,,,,,,,,4.0,0.0,,,,,,,,,,,,,,,,
3,2004,2004-07-29,19,Arena do Grêmio,,,,Grêmio,EC Vitória,,,,,,,,,4.0,0.0,,,,,,,,,,,,,,,,
4,2004,2004-10-03,34,Arena do Grêmio,,,,Grêmio,Criciúma EC,,,,,,,,,2.0,0.0,,,,,,,,,,,,,,,,
5,2004,2004-05-08,5,Estádio Brinco de Ouro da Princesa,,,,Guarani,Atlético-PR,,,,,,,,,0.0,0.0,,,,,,,,,,,,,,,,
6,2004,2004-05-30,8,Estádio Brinco de Ouro da Princesa,,,,Guarani,Paraná,,,,,,,,,1.0,0.0,,,,,,,,,,,,,,,,
7,2004,2004-07-29,19,Estádio Brinco de Ouro da Princesa,,,,Guarani,Palmeiras,,,,,,,,,1.0,0.0,,,,,,,,,,,,,,,,
8,2004,2004-08-08,22,Estádio Brinco de Ouro da Princesa,,,,Guarani,Paysandu SC,,,,,,,,,0.0,0.0,,,,,,,,,,,,,,,,
9,2004,2004-08-15,24,Estádio Brinco de Ouro da Princesa,,,,Guarani,Coritiba FC,,,,,,,,,0.0,0.0,,,,,,,,,,,,,,,,
10,2004,2004-10-17,36,Estádio Brinco de Ouro da Princesa,,,,Guarani,Cruzeiro,,,,,,,,,2.0,0.0,,,,,,,,,,,,,,,,
11,2004,2004-10-24,37,Estádio Brinco de Ouro da Princesa,,,,Guarani,Ponte Preta,,,,,,,,,0.0,0.0,,,,,,,,,,,,,,,,
12,2004,2004-05-08,5,Estádio Durival Britto e Silva,,,,Paraná,Cruzeiro,,,,,,,,,2.0,0.0,,,,,,,,,,,,,,,,
13,2004,2004-07-08,13,Estádio Durival Britto e Silva,,,,Paraná,Atlético-PR,,,,,,,,,1.0,0.0,,,,,,,,,,,,,,,,
14,2004,2004-07-25,18,Estádio Durival Britto e Silva,,,,Paraná,Paysandu SC,,,,,,,,,2.0,0.0,,,,,,,,,,,,,,,,
15,2004,2004-09-18,31,Estádio Durival Britto e Silva,,,,Paraná,Guarani,,,,,,,,,0.0,0.0,,,,,,,,,,,,,,,,
16,2004,2004-10-03,34,Estádio Durival Britto e Silva,,,,Paraná,Coritiba FC,,,,,,,,,1.0,0.0,,,,,,,,,,,,,,,,
17,2004,2004-07-21,17,Estádio Olímpico Nilton Santos,,,,Botafogo,São Paulo,,,,,,,,,1.0,0.0,,,,,,,,,,,,,,,,
18,2004,2004-07-29,19,Estádio Olímpico Nilton Santos,,,,Botafogo,Flamengo,,,,,,,,,0.0,0.0,,,,,,,,,,,,,,,,
19,2004,2004-08-19,25,Estádio Olímpico Nilton Santos,,,,Botafogo,Santos FC,,,,,,,,,2.0,0.0,,,,,,,,,,,,,,,,
20,2004,2004-06-13,9,Estádio Governador Magalhães Pinto,,,,Cruzeiro,Paysandu SC,,,,,,,,,1.0,0.0,,,,,,,,,,,,,,,,
21,2004,2004-07-08,13,Estádio Governador Magalhães Pinto,,,,Cruzeiro,Guarani,,,,,,,,,2.0,0.0,,,,,,,,,,,,,,,,
22,2004,2004-08-06,21,Estádio Governador Magalhães Pinto,,,,Cruzeiro,Internacional,,,,,,,,,2.0,0.0,,,,,,,,,,,,,,,,
23,2004,2004-08-12,23,Estádio Governador Magalhães Pinto,,,,Cruzeiro,Flamengo,,,,,,,,,2.0,0.0,,,,,,,,,,,,,,,,
24,2004,2004-10-02,34,Estádio Governador Magalhães Pinto,,,,Cruzeiro,Ponte Preta,,,,,,,,,5.0,0.0,,,,,,,,,,,,,,,,
25,2004,2004-10-27,38,Estádio Governador Magalhães Pinto,,,,Cruzeiro,Grêmio,,,,,,,,,2.0,0.0,,,,,,,,,,,,,,,,
26,2004,2004-04-24,2,Estádio Jornalista Mário Filho,,,,Flamengo,Ponte Preta,,,,,,,,,0.0,0.0,,,,,,,,,,,,,,,,
27,2004,2004-06-13,9,Estádio Jornalista Mário Filho,,,,Flamengo,Atlético-PR,,,,,,,,,3.0,0.0,,,,,,,,,,,,,,,,
28,2004,2004-07-24,18,Estádio Jornalista Mário Filho,,,,Flamengo,Atlético-MG,,,,,,,,,0.0,0.0,,,,,,,,,,,,,,,,
29,2004,2004-08-08,22,Estádio Jornalista Mário Filho,,,,Flamengo,São Paulo,,,,,,,,,1.0,0.0,,,,,,,,,,,,,,,,
30,2004,2004-08-14,24,Estádio Jornalista Mário Filho,,,,Flamengo,Grêmio,,,,,,,,,3.0,0.0,,,,,,,,,,,,,,,,
31,2004,2004-09-03,28,Estádio Jornalista Mário Filho,,,,Flamengo,EC Vitória,,,,,,,,,2.0,0.0,,,,,,,,,,,,,,,,
32,2004,2004-09-19,31,Estádio Jornalista Mário Filho,,,,Flamengo,Goiás EC,,,,,,,,,4.0,0.0,,,,,,,,,,,,,,,,
33,2004,2004-09-30,33,Estádio Jornalista Mário Filho,,,,Flamengo,Corinthians,,,,,,,,,0.0,0.0,,,,,,,,,,,,,,,,
34,2004,2004-05-01,4,Estádio de Hailé Pinheiro,,,,Goiás EC,Grêmio,,,,,,,,,4.0,0.0,,,,,,,,,,,,,,,,
35,2004,2004-05-09,5,Estádio de Hailé Pinheiro,,,,Goiás EC,Figueirense FC,,,,,,,,,1.0,0.0,,,,,,,,,,,,,,,,
36,2004,2004-07-07,13,Estádio de Hailé Pinheiro,,,,Goiás EC,Fluminense,,,,,,,,,4.0,0.0,,,,,,,,,,,,,,,,
37,2004,2004-07-17,16,Estádio de Hailé Pinheiro,,,,Goiás EC,Guarani,,,,,,,,,2.0,0.0,,,,,,,,,,,,,,,,
38,2004,2004-08-01,20,Estádio de Hailé Pinheiro,,,,Goiás EC,Paraná,,,,,,,,,3.0,0.0,,,,,,,,,,,,,,,,
39,2004,2004-08-22,26,Estádio de Hailé Pinheiro,,,,Goiás EC,Ponte Preta,,,,,,,,,5.0,0.0,,,,,,,,,,,,,,,,
40,2004,2004-09-11,30,Estádio de Hailé Pinheiro,,,,Goiás EC,Internacional,,,,,,,,,1.0,0.0,,,,,,,,,,,,,,,,
41,2004,2004-10-07,35,Estádio de Hailé Pinheiro,,,,Goiás EC,EC Vitória,,,,,,,,,4.0,0.0,,,,,,,,,,,,,,,,
42,2004,2004-10-27,38,Estádio de Hailé Pinheiro,,,,Goiás EC,Atlético-PR,,,,,,,,,2.0,0.0,,,,,,,,,,,,,,,,
43,2004,2004-05-02,4,Estádio Alfredo Jaconi,,,,Juventude,Paraná,,,,,,,,,4.0,0.0,,,,,,,,,,,,,,,,
44,2004,2004-05-23,7,Estádio Alfredo Jaconi,,,,Juventude,Guarani,,,,,,,,,2.0,0.0,,,,,,,,,,,,,,,,
45,2004,2004-06-27,11,Estádio Alfredo Jaconi,,,,Juventude,Corinthians,,,,,,,,,1.0,0.0,,,,,,,,,,,,,,,,
46,2004,2004-07-10,14,Estádio Alfredo Jaconi,,,,Juventude,Coritiba FC,,,,,,,,,1.0,0.0,,,,,,,,,,,,,,,,
47,2004,2004-08-08,22,Estádio Alfredo Jaconi,,,,Juventude,Figueirense FC,,,,,,,,,0.0,0.0,,,,,,,,,,,,,,,,
48,2004,2004-08-14,24,Estádio Alfredo Jaconi,,,,Juventude,Cruzeiro,,,,,,,,,1.0,0.0,,,,,,,,,,,,,,,,
49,2004,2004-09-26,32,Estádio Alfredo Jaconi,,,,Juventude,Criciúma EC,,,,,,,,,1.0,0.0,,,,,,,,,,,,,,,,
50,2004,2004-04-21,1,Allianz Parque,,,,Palmeiras,Atlético-MG,,,,,,,,,0.0,0.0,,,,,,,,,,,,,,,,
51,2004,2004-05-08,5,Allianz Parque,,,,Palmeiras,Ponte Preta,,,,,,,,,3.0,0.0,,,,,,,,,,,,,,,,
52,2004,2004-05-29,8,Allianz Parque,,,,Palmeiras,Coritiba FC,,,,,,,,,2.0,0.0,,,,,,,,,,,,,,,,
53,2004,2004-07-17,16,Allianz Parque,,,,Palmeiras,Grêmio,,,,,,,,,2.0,0.0,,,,,,,,,,,,,,,,
54,2004,2004-07-25,18,Allianz Parque,,,,Palmeiras,Figueirense FC,,,,,,,,,0.0,0.0,,,,,,,,,,,,,,,,
55,2004,2004-04-25,2,Estádio Urbano Caldeira,,,,Santos FC,Botafogo,,,,,,,,,2.0,0.0,,,,,,,,,,,,,,,,
56,2004,2004-06-20,10,Estádio Urbano Caldeira,,,,Santos FC,Internacional,,,,,,,,,3.0,0.0,,,,,,,,,,,,,,,,
57,2004,2004-07-14,15,Estádio Urbano Caldeira,,,,Santos FC,Flamengo,,,,,,,,,2.0,0.0,,,,,,,,,,,,,,,,
58,2004,2004-08-01,20,Estádio Urbano Caldeira,,,,Santos FC,Paysandu SC,,,,,,,,,6.0,0.0,,,,,,,,,,,,,,,,
59,2004,2004-09-18,31,Estádio Urbano Caldeira,,,,Santos FC,Atlético-MG,,,,,,,,,2.0,0.0,,,,,,,,,,,,,,,,
60,2004,2004-10-16,36,Estádio Urbano Caldeira,,,,Santos FC,Ponte Preta,,,,,,,,,4.0,0.0,,,,,,,,,,,,,,,,
61,2004,2004-05-02,4,Estádio Jornalista Mário Filho,,,,Fluminense,Vasco da Gama,,,,,,,,,1.0,0.0,,,,,,,,,,,,,,,,
62,2004,2004-05-16,6,Estádio Jornalista Mário Filho,,,,Fluminense,EC Vitória,,,,,,,,,1.0,0.0,,,,,,,,,,,,,,,,
63,2004,2004-07-03,12,Estádio Jornalista Mário Filho,,,,Fluminense,Grêmio,,,,,,,,,2.0,0.0,,,,,,,,,,,,,,,,
64,2004,2004-07-11,14,Estádio Jornalista Mário Filho,,,,Fluminense,São Caetano,,,,,,,,,1.0,0.0,,,,,,,,,,,,,,,,
65,2004,2004-07-17,16,Estádio Jornalista Mário Filho,,,,Fluminense,Santos FC,,,,,,,,,1.0,0.0,,,,,,,,,,,,,,,,
66,2004,2004-07-24,18,Estádio Jornalista Mário Filho,,,,Fluminense,Corinthians,,,,,,,,,2.0,0.0,,,,,,,,,,,,,,,,
67,2004,2004-07-31,20,Estádio Jornalista Mário Filho,,,,Fluminense,Cruzeiro,,,,,,,,,0.0,0.0,,,,,,,,,,,,,,,,
68,2004,2004-08-22,26,Estádio Jornalista Mário Filho,,,,Fluminense,São Paulo,,,,,,,,,1.0,0.0,,,,,,,,,,,,,,,,
69,2004,2004-04-23,1,Estádio Cícero Pompeu de Toledo,,,,São Paulo,Atlético-PR,,,,,,,,,1.0,0.0,,,,,,,,,,,,,,,,
70,2004,2004-04-29,3,Estádio Cícero Pompeu de Toledo,,,,São Paulo,Fluminense,,,,,,,,,1.0,0.0,,,,,,,,,,,,,,,,
71,2004,2004-07-03,12,Estádio Cícero Pompeu de Toledo,,,,São Paulo,Ponte Preta,,,,,,,,,2.0,0.0,,,,,,,,,,,,,,,,
72,2004,2004-07-07,13,Estádio Cícero Pompeu de Toledo,,,,São Paulo,Atlético-MG,,,,,,,,,1.0,0.0,,,,,,,,,,,,,,,,
73,2004,2004-07-24,18,Estádio Cícero Pompeu de Toledo,,,,São Paulo,Vasco da Gama,,,,,,,,,1.0,0.0,,,,,,,,,,,,,,,,
74,2004,2004-08-12,23,Estádio Cícero Pompeu de Toledo,,,,São Paulo,Goiás EC,,,,,,,,,4.0,0.0,,,,,,,,,,,,,,,,
75,2004,2004-08-20,25,Estádio Cícero Pompeu de Toledo,,,,São Paulo,Criciúma EC,,,,,,,,,2.0,0.0,,,,,,,,,,,,,,,,
76,2004,2004-09-11,30,Estádio Cícero Pompeu de Toledo,,,,São Paulo,Cruzeiro,,,,,,,,,0.0,0.0,,,,,,,,,,,,,,,,
77,2004,2004-09-29,33,Estádio Cícero Pompeu de Toledo,,,,São Paulo,Paysandu SC,,,,,,,,,7.0,0.0,,,,,,,,,,,,,,,,
78,2004,2004-10-24,37,Estádio Cícero Pompeu de Toledo,,,,São Paulo,Santos FC,,,,,,,,,1.0,0.0,,,,,,,,,,,,,,,,
79,2004,2004-05-17,6,Neo Química Arena,,,,Corinthians,Guarani,,,,,,,,,1.0,0.0,,,,,,,,,,,,,,,,
80,2004,2004-07-10,14,Neo Química Arena,,,,Corinthians,Paraná,,,,,,,,,1.0,0.0,,,,,,,,,,,,,,,,
81,2004,2004-07-14,15,Neo Química Arena,,,,Corinthians,Criciúma EC,,,,,,,,,1.0,0.0,,,,,,,,,,,,,,,,
82,2004,2004-07-21,17,Neo Química Arena,,,,Corinthians,Internacional,,,,,,,,,0.0,0.0,,,,,,,,,,,,,,,,
83,2004,2004-07-29,19,Neo Química Arena,,,,Corinthians,Cruzeiro,,,,,,,,,1.0,0.0,,,,,,,,,,,,,,,,
84,2004,2004-08-01,20,Neo Química Arena,,,,Corinthians,São Caetano,,,,,,,,,2.0,0.0,,,,,,,,,,,,,,,,
85,2004,2004-08-14,24,Neo Química Arena,,,,Corinthians,Ponte Preta,,,,,,,,,2.0,0.0,,,,,,,,,,,,,,,,
86,2004,2004-09-02,28,Neo Química Arena,,,,Corinthians,Atlético-MG,,,,,,,,,1.0,0.0,,,,,,,,,,,,,,,,
87,2004,2004-09-19,31,Neo Química Arena,,,,Corinthians,São Paulo,,,,,,,,,0.0,0.0,,,,,,,,,,,,,,,,
88,2004,2004-09-26,32,Neo Química Arena,,,,Corinthians,Goiás EC,,,,,,,,,1.0,0.0,,,,,,,,,,,,,,,,
89,2004,2004-10-16,36,Neo Química Arena,,,,Corinthians,Coritiba FC,,,,,,,,,0.0,0.0,,,,,,,,,,,,,,,,
90,2004,2004-04-23,1,Estádio Major Antônio Couto Pereira,,,,Coritiba FC,Guarani,,,,,,,,,1.0,0.0,,,,,,,,,,,,,,,,
91,2004,2004-06-13,9,Estádio Major Antônio Couto Pereira,,,,Coritiba FC,São Caetano,,,,,,,,,1.0,0.0,,,,,,,,,,,,,,,,
92,2004,2004-07-24,18,Estádio Major Antônio Couto Pereira,,,,Coritiba FC,Botafogo,,,,,,,,,1.0,0.0,,,,,,,,,,,,,,,,
93,2004,2004-08-05,21,Estádio Major Antônio Couto Pereira,,,,Coritiba FC,Flamengo,,,,,,,,,1.0,0.0,,,,,,,,,,,,,,,,
94,2004,2004-08-13,23,Estádio Major Antônio Couto Pereira,,,,Coritiba FC,Criciúma EC,,,,,,,,,1.0,0.0,,,,,,,,,,,,,,,,
95,2004,2004-08-20,25,Estádio Major Antônio Couto Pereira,,,,Coritiba FC,Fluminense,,,,,,,,,2.0,0.0,,,,,,,,,,,,,,,,
96,2004,2004-09-10,29,Estádio Major Antônio Couto Pereira,,,,Coritiba FC,Ponte Preta,,,,,,,,,2.0,0.0,,,,,,,,,,,,,,,,
97,2004,2004-09-19,31,Estádio Major Antônio Couto Pereira,,,,Coritiba FC,Palmeiras,,,,,,,,,0.0,0.0,,,,,,,,,,,,,,,,
98,2004,2004-07-03,12,Estádio Manoel Barradas,,,,EC Vitória,Goiás EC,,,,,,,,,0.0,0.0,,,,,,,,,,,,,,,,
99,2004,2004-07-10,14,Estádio Manoel Barradas,,,,EC Vitória,Botafogo,,,,,,,,,1.0,0.0,,,,,,,,,,,,,,,,
100,2004,2004-09-12,30,Estádio Manoel Barradas,,,,EC Vitória,Criciúma EC,,,,,,,,,1.0,0.0,,,,,,,,,,,,,,,,
101,2004,2004-06-20,10,Estádio Estadual Jornalista Edgar Augusto Proença,,,,Paysandu SC,São Paulo,,,,,,,,,1.0,0.0,,,,,,,,,,,,,,,,
102,2004,2004-07-08,13,Estádio Estadual Jornalista Edgar Augusto Proença,,,,Paysandu SC,São Caetano,,,,,,,,,0.0,0.0,,,,,,,,,,,,,,,,
103,2004,2004-07-14,15,Estádio Estadual Jornalista Edgar Augusto Proença,,,,Paysandu SC,Ponte Preta,,,,,,,,,3.0,0.0,,,,,,,,,,,,,,,,
104,2004,2004-07-21,17,Estádio Estadual Jornalista Edgar Augusto Proença,,,,Paysandu SC,Palmeiras,,,,,,,,,1.0,0.0,,,,,,,,,,,,,,,,
105,2004,2004-09-03,28,Estádio Estadual Jornalista Edgar Augusto Proença,,,,Paysandu SC,Botafogo,,,,,,,,,2.0,0.0,,,,,,,,,,,,,,,,
106,2004,2004-04-29,3,Estádio Moisés Lucarelli,,,,Ponte Preta,Goiás EC,,,,,,,,,2.0,0.0,,,,,,,,,,,,,,,,
107,2004,2004-05-16,6,Estádio Moisés Lucarelli,,,,Ponte Preta,Coritiba FC,,,,,,,,,0.0,0.0,,,,,,,,,,,,,,,,
108,2004,2004-06-27,11,Estádio Moisés Lucarelli,,,,Ponte Preta,Cruzeiro,,,,,,,,,1.0,0.0,,,,,,,,,,,,,,,,
109,2004,2004-07-25,18,Estádio Moisés Lucarelli,,,,Ponte Preta,Grêmio,,,,,,,,,1.0,0.0,,,,,,,,,,,,,,,,
110,2004,2004-08-12,23,Estádio Moisés Lucarelli,,,,Ponte Preta,EC Vitória,,,,,,,,,1.0,0.0,,,,,,,,,,,,,,,,
111,2004,2004-08-19,25,Estádio Moisés Lucarelli,,,,Ponte Preta,Flamengo,,,,,,,,,1.0,0.0,,,,,,,,,,,,,,,,
112,2004,2004-09-02,28,Estádio Moisés Lucarelli,,,,Ponte Preta,Palmeiras,,,,,,,,,0.0,0.0,,,,,,,,,,,,,,,,
113,2004,2004-10-28,38,Estádio Moisés Lucarelli,,,,Ponte Preta,Paysandu SC,,,,,,,,,3.0,0.0,,,,,,,,,,,,,,,,
114,2004,2004-07-11,14,Estádio Raimundo Sampaio,,,,Atlético-MG,Cruzeiro,,,,,,,,,2.0,0.0,,,,,,,,,,,,,,,,
115,2004,2004-08-07,22,Estádio Raimundo Sampaio,,,,Atlético-MG,Grêmio,,,,,,,,,3.0,0.0,,,,,,,,,,,,,,,,
116,2004,2004-05-15,6,Arena da Baixada,,,,Atlético-PR,Santos FC,,,,,,,,,1.0,0.0,,,,,,,,,,,,,,,,
117,2004,2004-07-10,14,Arena da Baixada,,,,Atlético-PR,Palmeiras,,,,,,,,,0.0,0.0,,,,,,,,,,,,,,,,
118,2004,2004-07-14,15,Arena da Baixada,,,,Atlético-PR,Goiás EC,,,,,,,,,6.0,0.0,,,,,,,,,,,,,,,,
119,2004,2004-07-29,19,Arena da Baixada,,,,Atlético-PR,Ponte Preta,,,,,,,,,4.0,0.0,,,,,,,,,,,,,,,,
120,2004,2004-07-31,20,Arena da Baixada,,,,Atlético-PR,Grêmio,,,,,,,,,0.0,0.0,,,,,,,,,,,,,,,,
121,2004,2004-08-08,22,Arena da Baixada,,,,Atlético-PR,Vasco da Gama,,,,,,,,,2.0,0.0,,,,,,,,,,,,,,,,
122,2004,2004-08-15,24,Arena da Baixada,,,,Atlético-PR,São Paulo,,,,,,,,,1.0,0.0,,,,,,,,,,,,,,,,
123,2004,2004-08-22,26,Arena da Baixada,,,,Atlético-PR,Paysandu SC,,,,,,,,,2.0,0.0,,,,,,,,,,,,,,,,
124,2004,2004-09-03,28,Arena da Baixada,,,,Atlético-PR,Guarani,,,,,,,,,2.0,0.0,,,,,,,,,,,,,,,,
125,2004,2004-10-02,34,Arena da Baixada,,,,Atlético-PR,Atlético-MG,,,,,,,,,5.0,0.0,,,,,,,,,,,,,,,,
126,2004,2004-05-01,4,Estádio Heriberto Hülse,,,,Criciúma EC,Botafogo,,,,,,,,,1.0,0.0,,,,,,,,,,,,,,,,
127,2004,2004-05-23,7,Estádio Heriberto Hülse,,,,Criciúma EC,EC Vitória,,,,,,,,,2.0,0.0,,,,,,,,,,,,,,,,
128,2004,2004-06-13,9,Estádio Heriberto Hülse,,,,Criciúma EC,Juventude,,,,,,,,,2.0,0.0,,,,,,,,,,,,,,,,
129,2004,2004-08-15,24,Estádio Heriberto Hülse,,,,Criciúma EC,Vasco da Gama,,,,,,,,,1.0,0.0,,,,,,,,,,,,,,,,
130,2004,2004-10-07,35,Estádio Heriberto Hülse,,,,Criciúma EC,Internacional,,,,,,,,,1.0,0.0,,,,,,,,,,,,,,,,
131,2004,2004-04-21,1,Estádio Municipal Anacleto Campanella,,,,São Caetano,EC Vitória,,,,,,,,,1.0,0.0,,,,,,,,,,,,,,,,
132,2004,2004-06-25,3,Estádio Municipal Anacleto Campanella,,,,São Caetano,Juventude,,,,,,,,,1.0,0.0,,,,,,,,,,,,,,,,
133,2004,2004-05-08,5,Estádio Municipal Anacleto Campanella,,,,São Caetano,Criciúma EC,,,,,,,,,5.0,0.0,,,,,,,,,,,,,,,,
134,2004,2004-07-14,15,Estádio Municipal Anacleto Campanella,,,,São Caetano,São Paulo,,,,,,,,,0.0,0.0,,,,,,,,,,,,,,,,
135,2004,2004-07-30,19,Estádio Municipal Anacleto Campanella,,,,São Caetano,Internacional,,,,,,,,,2.0,0.0,,,,,,,,,,,,,,,,
136,2004,2004-08-19,25,Estádio Municipal Anacleto Campanella,,,,São Caetano,Guarani,,,,,,,,,3.0,0.0,,,,,,,,,,,,,,,,
137,2004,2004-09-09,29,Estádio Municipal Anacleto Campanella,,,,São Caetano,Figueirense FC,,,,,,,,,1.0,0.0,,,,,,,,,,,,,,,,
138,2004,2004-09-18,31,Estádio Municipal Anacleto Campanella,,,,São Caetano,Grêmio,,,,,,,,,2.0,0.0,,,,,,,,,,,,,,,,
139,2004,2004-09-25,32,Estádio Municipal Anacleto Campanella,,,,São Caetano,Coritiba FC,,,,,,,,,1.0,0.0,,,,,,,,,,,,,,,,
140,2004,2004-10-02,34,Estádio Municipal Anacleto Campanella,,,,São Caetano,Goiás EC,,,,,,,,,2.0,0.0,,,,,,,,,,,,,,,,
141,2004,2004-10-17,36,Estádio Municipal Anacleto Campanella,,,,São Caetano,Paysandu SC,,,,,,,,,3.0,0.0,,,,,,,,,,,,,,,,
142,2004,2004-10-24,37,Estádio Municipal Anacleto Campanella,,,,São Caetano,Fluminense,,,,,,,,,2.0,0.0,,,,,,,,,,,,,,,,
143,2004,2004-04-25,2,Estádio Beira-Rio,,,,Internacional,Palmeiras,,,,,,,,,1.0,0.0,,,,,,,,,,,,,,,,
144,2004,2004-05-01,4,Estádio Beira-Rio,,,,Internacional,Paysandu SC,,,,,,,,,1.0,0.0,,,,,,,,,,,,,,,,
145,2004,2004-05-09,5,Estádio Beira-Rio,,,,Internacional,Fluminense,,,,,,,,,0.0,0.0,,,,,,,,,,,,,,,,
146,2004,2004-05-22,7,Estádio Beira-Rio,,,,Internacional,Goiás EC,,,,,,,,,1.0,0.0,,,,,,,,,,,,,,,,
147,2004,2004-07-03,12,Estádio Beira-Rio,,,,Internacional,Criciúma EC,,,,,,,,,3.0,0.0,,,,,,,,,,,,,,,,
148,2004,2004-07-10,14,Estádio Beira-Rio,,,,Internacional,Grêmio,,,,,,,,,2.0,0.0,,,,,,,,,,,,,,,,
149,2004,2004-07-17,16,Estádio Beira-Rio,,,,Internacional,Atlético-PR,,,,,,,,,6.0,0.0,,,,,,,,,,,,,,,,
150,2004,2004-08-14,24,Estádio Beira-Rio,,,,Internacional,Figueirense FC,,,,,,,,,4.0,0.0,,,,,,,,,,,,,,,,
151,2004,2004-09-09,29,Estádio Beira-Rio,,,,Internacional,Flamengo,,,,,,,,,0.0,0.0,,,,,,,,,,,,,,,,
152,2004,2004-05-30,8,Estádio São Januário,,,,Vasco da Gama,Botafogo,,,,,,,,,4.0,0.0,,,,,,,,,,,,,,,,
153,2004,2004-06-19,10,Estádio São Januário,,,,Vasco da Gama,Paraná,,,,,,,,,0.0,0.0,,,,,,,,,,,,,,,,
154,2004,2004-08-20,25,Estádio São Januário,,,,Vasco da Gama,Atlético-MG,,,,,,,,,3.0,0.0,,,,,,,,,,,,,,,,
155,2004,2004-10-02,34,Estádio São Januário,,,,Vasco da Gama,Internacional,,,,,,,,,2.0,0.0,,,,,,,,,,,,,,,,
156,2004,2004-10-07,35,Estádio São Januário,,,,Vasco da Gama,Figueirense FC,,,,,,,,,1.0,0.0,,,,,,,,,,,,,,,,
157,2004,2004-10-24,37,Estádio São Januário,,,,Vasco da Gama,Flamengo,,,,,,,,,1.0,0.0,,,,,,,,,,,,,,,,
158,2004,2004-04-21,1,Estádio Orlando Scarpelli,,,,Figueirense FC,Internacional,,,,,,,,,1.0,0.0,,,,,,,,,,,,,,,,
159,2004,2004-05-16,6,Estádio Orlando Scarpelli,,,,Figueirense FC,São Caetano,,,,,,,,,1.0,0.0,,,,,,,,,,,,,,,,
160,2004,2004-06-19,10,Estádio Orlando Scarpelli,,,,Figueirense FC,Cruzeiro,,,,,,,,,0.0,0.0,,,,,,,,,,,,,,,,
161,2004,2004-07-11,14,Estádio Orlando Scarpelli,,,,Figueirense FC,Criciúma EC,,,,,,,,,2.0,0.0,,,,,,,,,,,,,,,,
162,2004,2004-07-14,15,Estádio Orlando Scarpelli,,,,Figueirense FC,Paraná,,,,,,,,,0.0,0.0,,,,,,,,,,,,,,,,
163,2004,2004-10-16,36,Estádio Orlando Scarpelli,,,,Figueirense FC,Grêmio,,,,,,,,,2.0,0.0,,,,,,,,,,,,,,,,
164,2004,2004-06-19,10,Arena do Grêmio,,,,Grêmio,Coritiba FC,,,,,,,,,1.0,1.0,,,,,,,,,,,,,,,,
165,2004,2004-08-05,21,Arena do Grêmio,,,,Grêmio,Santos FC,,,,,,,,,3.0,1.0,,,,,,,,,,,,,,,,
166,2004,2004-08-12,23,Arena do Grêmio,,,,Grêmio,Guarani,,,,,,,,,1.0,1.0,,,,,,,,,,,,,,,,
167,2004,2004-08-28,27,Arena do Grêmio,,,,Grêmio,Goiás EC,,,,,,,,,1.0,1.0,,,,,,,,,,,,,,,,
168,2004,2004-09-12,30,Arena do Grêmio,,,,Grêmio,Paysandu SC,,,,,,,,,1.0,1.0,,,,,,,,,,,,,,,,
169,2004,2004-09-25,32,Arena do Grêmio,,,,Grêmio,São Paulo,,,,,,,,,2.0,1.0,,,,,,,,,,,,,,,,
170,2004,2004-04-25,2,Estádio Brinco de Ouro da Princesa,,,,Guarani,São Caetano,,,,,,,,,1.0,1.0,,,,,,,,,,,,,,,,
171,2004,2004-06-20,10,Estádio Brinco de Ouro da Princesa,,,,Guarani,Criciúma EC,,,,,,,,,2.0,1.0,,,,,,,,,,,,,,,,
172,2004,2004-07-03,12,Estádio Brinco de Ouro da Princesa,,,,Guarani,Atlético-MG,,,,,,,,,1.0,1.0,,,,,,,,,,,,,,,,
173,2004,2004-07-14,15,Estádio Brinco de Ouro da Princesa,,,,Guarani,Internacional,,,,,,,,,2.0,1.0,,,,,,,,,,,,,,,,
174,2004,2004-07-21,17,Estádio Brinco de Ouro da Princesa,,,,Guarani,Flamengo,,,,,,,,,0.0,1.0,,,,,,,,,,,,,,,,
175,2004,2004-08-22,26,Estádio Brinco de Ouro da Princesa,,,,Guarani,Vasco da Gama,,,,,,,,,1.0,1.0,,,,,,,,,,,,,,,,
176,2004,2004-09-09,29,Estádio Brinco de Ouro da Princesa,,,,Guarani,Corinthians,,,,,,,,,0.0,1.0,,,,,,,,,,,,,,,,
177,2004,2004-09-11,30,Estádio Brinco de Ouro da Princesa,,,,Guarani,Juventude,,,,,,,,,3.0,1.0,,,,,,,,,,,,,,,,
178,2004,2004-09-25,32,Estádio Brinco de Ouro da Princesa,,,,Guarani,Fluminense,,,,,,,,,1.0,1.0,,,,,,,,,,,,,,,,
179,2004,2004-10-02,34,Estádio Brinco de Ouro da Princesa,,,,Guarani,Santos FC,,,,,,,,,0.0,1.0,,,,,,,,,,,,,,,,
180,2004,2004-04-30,3,Estádio Durival Britto e Silva,,,,Paraná,Flamengo,,,,,,,,,2.0,1.0,,,,,,,,,,,,,,,,
181,2004,2004-05-23,7,Estádio Durival Britto e Silva,,,,Paraná,Ponte Preta,,,,,,,,,0.0,1.0,,,,,,,,,,,,,,,,
182,2004,2004-06-12,9,Estádio Durival Britto e Silva,,,,Paraná,Botafogo,,,,,,,,,1.0,1.0,,,,,,,,,,,,,,,,
183,2004,2004-07-17,16,Estádio Durival Britto e Silva,,,,Paraná,São Caetano,,,,,,,,,0.0,1.0,,,,,,,,,,,,,,,,
184,2004,2004-08-19,25,Estádio Durival Britto e Silva,,,,Paraná,EC Vitória,,,,,,,,,4.0,1.0,,,,,,,,,,,,,,,,
185,2004,2004-09-30,33,Estádio Durival Britto e Silva,,,,Paraná,Vasco da Gama,,,,,,,,,2.0,1.0,,,,,,,,,,,,,,,,
186,2004,2004-10-28,38,Estádio Durival Britto e Silva,,,,Paraná,Figueirense FC,,,,,,,,,2.0,1.0,,,,,,,,,,,,,,,,
187,2004,2004-05-22,7,Estádio Olímpico Nilton Santos,,,,Botafogo,Figueirense FC,,,,,,,,,1.0,1.0,,,,,,,,,,,,,,,,
188,2004,2004-06-20,10,Estádio Olímpico Nilton Santos,,,,Botafogo,Ponte Preta,,,,,,,,,0.0,1.0,,,,,,,,,,,,,,,,
189,2004,2004-07-08,13,Estádio Olímpico Nilton Santos,,,,Botafogo,Internacional,,,,,,,,,5.0,1.0,,,,,,,,,,,,,,,,
190,2004,2004-07-14,15,Estádio Olímpico Nilton Santos,,,,Botafogo,Palmeiras,,,,,,,,,1.0,1.0,,,,,,,,,,,,,,,,
191,2004,2004-08-06,21,Estádio Olímpico Nilton Santos,,,,Botafogo,Juventude,,,,,,,,,0.0,1.0,,,,,,,,,,,,,,,,
192,2004,2004-08-13,23,Estádio Olímpico Nilton Santos,,,,Botafogo,Atlético-PR,,,,,,,,,1.0,1.0,,,,,,,,,,,,,,,,
193,2004,2004-08-28,27,Estádio Olímpico Nilton Santos,,,,Botafogo,Criciúma EC,,,,,,,,,1.0,1.0,,,,,,,,,,,,,,,,
194,2004,2004-09-10,29,Estádio Olímpico Nilton Santos,,,,Botafogo,Grêmio,,,,,,,,,2.0,1.0,,,,,,,,,,,,,,,,
195,2004,2004-10-08,35,Estádio Olímpico Nilton Santos,,,,Botafogo,São Caetano,,,,,,,,,1.0,1.0,,,,,,,,,,,,,,,,
196,2004,2004-10-23,37,Estádio Olímpico Nilton Santos,,,,Botafogo,EC Vitória,,,,,,,,,1.0,1.0,,,,,,,,,,,,,,,,
197,2004,2004-04-21,1,Estádio Governador Magalhães Pinto,,,,Cruzeiro,Juventude,,,,,,,,,2.0,1.0,,,,,,,,,,,,,,,,
198,2004,2004-05-16,6,Estádio Governador Magalhães Pinto,,,,Cruzeiro,Palmeiras,,,,,,,,,2.0,1.0,,,,,,,,,,,,,,,,
199,2004,2004-05-23,7,Estádio Governador Magalhães Pinto,,,,Cruzeiro,São Paulo,,,,,,,,,2.0,1.0,,,,,,,,,,,,,,,,
200,2004,2004-07-24,18,Estádio Governador Magalhães Pinto,,,,Cruzeiro,São Caetano,,,,,,,,,0.0,1.0,,,,,,,,,,,,,,,,
201,2004,2004-05-02,4,Estádio Jornalista Mário Filho,,,,Flamengo,São Caetano,,,,,,,,,1.0,1.0,,,,,,,,,,,,,,,,
202,2004,2004-07-04,12,Estádio Jornalista Mário Filho,,,,Flamengo,Paysandu SC,,,,,,,,,4.0,1.0,,,,,,,,,,,,,,,,
203,2004,2004-07-10,14,Estádio Jornalista Mário Filho,,,,Flamengo,Vasco da Gama,,,,,,,,,0.0,1.0,,,,,,,,,,,,,,,,
204,2004,2004-07-17,16,Estádio Jornalista Mário Filho,,,,Flamengo,Juventude,,,,,,,,,0.0,1.0,,,,,,,,,,,,,,,,
205,2004,2004-08-01,20,Estádio Jornalista Mário Filho,,,,Flamengo,Palmeiras,,,,,,,,,0.0,1.0,,,,,,,,,,,,,,,,
206,2004,2004-08-21,26,Estádio Jornalista Mário Filho,,,,Flamengo,Paraná,,,,,,,,,2.0,1.0,,,,,,,,,,,,,,,,
207,2004,2004-10-17,36,Estádio Jornalista Mário Filho,,,,Flamengo,Criciúma EC,,,,,,,,,3.0,1.0,,,,,,,,,,,,,,,,
208,2004,2004-10-28,38,Estádio Jornalista Mário Filho,,,,Flamengo,Santos FC,,,,,,,,,1.0,1.0,,,,,,,,,,,,,,,,
209,2004,2004-06-13,9,Estádio de Hailé Pinheiro,,,,Goiás EC,Corinthians,,,,,,,,,1.0,1.0,,,,,,,,,,,,,,,,
210,2004,2004-08-15,24,Estádio de Hailé Pinheiro,,,,Goiás EC,Botafogo,,,,,,,,,3.0,1.0,,,,,,,,,,,,,,,,
211,2004,2004-09-09,29,Estádio de Hailé Pinheiro,,,,Goiás EC,Criciúma EC,,,,,,,,,2.0,1.0,,,,,,,,,,,,,,,,
212,2004,2004-04-24,2,Estádio Alfredo Jaconi,,,,Juventude,Grêmio,,,,,,,,,1.0,1.0,,,,,,,,,,,,,,,,
213,2004,2004-05-16,6,Estádio Alfredo Jaconi,,,,Juventude,Atlético-MG,,,,,,,,,1.0,1.0,,,,,,,,,,,,,,,,
214,2004,2004-06-20,10,Estádio Alfredo Jaconi,,,,Juventude,Goiás EC,,,,,,,,,1.0,1.0,,,,,,,,,,,,,,,,
215,2004,2004-07-14,15,Estádio Alfredo Jaconi,,,,Juventude,Fluminense,,,,,,,,,2.0,1.0,,,,,,,,,,,,,,,,
216,2004,2004-08-01,20,Estádio Alfredo Jaconi,,,,Juventude,Vasco da Gama,,,,,,,,,1.0,1.0,,,,,,,,,,,,,,,,
217,2004,2004-06-27,11,Allianz Parque,,,,Palmeiras,São Paulo,,,,,,,,,2.0,1.0,,,,,,,,,,,,,,,,
218,2004,2004-07-08,13,Allianz Parque,,,,Palmeiras,Juventude,,,,,,,,,4.0,1.0,,,,,,,,,,,,,,,,
219,2004,2004-08-19,25,Allianz Parque,,,,Palmeiras,Internacional,,,,,,,,,3.0,1.0,,,,,,,,,,,,,,,,
220,2004,2004-08-29,27,Allianz Parque,,,,Palmeiras,Corinthians,,,,,,,,,0.0,1.0,,,,,,,,,,,,,,,,
221,2004,2004-09-30,33,Allianz Parque,,,,Palmeiras,São Caetano,,,,,,,,,3.0,1.0,,,,,,,,,,,,,,,,
222,2004,2004-10-08,35,Allianz Parque,,,,Palmeiras,Paraná,,,,,,,,,1.0,1.0,,,,,,,,,,,,,,,,
223,2004,2004-10-23,37,Allianz Parque,,,,Palmeiras,Atlético-PR,,,,,,,,,3.0,1.0,,,,,,,,,,,,,,,,
224,2004,2004-10-27,38,Allianz Parque,,,,Palmeiras,Botafogo,,,,,,,,,2.0,1.0,,,,,,,,,,,,,,,,
225,2004,2004-05-08,5,Estádio Urbano Caldeira,,,,Santos FC,Juventude,,,,,,,,,2.0,1.0,,,,,,,,,,,,,,,,
226,2004,2004-06-26,11,Estádio Urbano Caldeira,,,,Santos FC,Guarani,,,,,,,,,2.0,1.0,,,,,,,,,,,,,,,,
227,2004,2004-07-10,14,Estádio Urbano Caldeira,,,,Santos FC,São Paulo,,,,,,,,,2.0,1.0,,,,,,,,,,,,,,,,
228,2004,2004-08-07,22,Estádio Urbano Caldeira,,,,Santos FC,São Caetano,,,,,,,,,0.0,1.0,,,,,,,,,,,,,,,,
229,2004,2004-08-15,24,Estádio Urbano Caldeira,,,,Santos FC,Paraná,,,,,,,,,5.0,1.0,,,,,,,,,,,,,,,,
230,2004,2004-08-22,26,Estádio Urbano Caldeira,,,,Santos FC,Figueirense FC,,,,,,,,,4.0,1.0,,,,,,,,,,,,,,,,
231,2004,2004-09-09,29,Estádio Urbano Caldeira,,,,Santos FC,Atlético-PR,,,,,,,,,1.0,1.0,,,,,,,,,,,,,,,,
232,2004,2004-09-26,32,Estádio Urbano Caldeira,,,,Santos FC,EC Vitória,,,,,,,,,4.0,1.0,,,,,,,,,,,,,,,,
233,2004,2004-10-07,35,Estádio Urbano Caldeira,,,,Santos FC,Corinthians,,,,,,,,,1.0,1.0,,,,,,,,,,,,,,,,
234,2004,2004-04-25,2,Estádio Jornalista Mário Filho,,,,Fluminense,Coritiba FC,,,,,,,,,1.0,1.0,,,,,,,,,,,,,,,,
235,2004,2004-05-29,8,Estádio Jornalista Mário Filho,,,,Fluminense,Criciúma EC,,,,,,,,,1.0,1.0,,,,,,,,,,,,,,,,
236,2004,2004-06-12,9,Estádio Jornalista Mário Filho,,,,Fluminense,Guarani,,,,,,,,,1.0,1.0,,,,,,,,,,,,,,,,
237,2004,2004-08-07,22,Estádio Jornalista Mário Filho,,,,Fluminense,Paraná,,,,,,,,,3.0,1.0,,,,,,,,,,,,,,,,
238,2004,2004-08-15,24,Estádio Jornalista Mário Filho,,,,Fluminense,Paysandu SC,,,,,,,,,1.0,1.0,,,,,,,,,,,,,,,,
239,2004,2004-09-02,28,Estádio Jornalista Mário Filho,,,,Fluminense,Internacional,,,,,,,,,3.0,1.0,,,,,,,,,,,,,,,,
240,2004,2004-09-12,30,Estádio Jornalista Mário Filho,,,,Fluminense,Flamengo,,,,,,,,,2.0,1.0,,,,,,,,,,,,,,,,
241,2004,2004-09-29,33,Estádio Jornalista Mário Filho,,,,Fluminense,Atlético-MG,,,,,,,,,1.0,1.0,,,,,,,,,,,,,,,,
242,2004,2004-10-28,38,Estádio Jornalista Mário Filho,,,,Fluminense,Juventude,,,,,,,,,7.0,1.0,,,,,,,,,,,,,,,,
243,2004,2004-05-30,8,Estádio Cícero Pompeu de Toledo,,,,São Paulo,Corinthians,,,,,,,,,1.0,1.0,,,,,,,,,,,,,,,,
244,2004,2004-07-18,16,Estádio Cícero Pompeu de Toledo,,,,São Paulo,Figueirense FC,,,,,,,,,2.0,1.0,,,,,,,,,,,,,,,,
245,2004,2004-08-06,21,Estádio Cícero Pompeu de Toledo,,,,São Paulo,EC Vitória,,,,,,,,,2.0,1.0,,,,,,,,,,,,,,,,
246,2004,2004-10-02,34,Estádio Cícero Pompeu de Toledo,,,,São Paulo,Palmeiras,,,,,,,,,2.0,1.0,,,,,,,,,,,,,,,,
247,2004,2004-04-25,2,Neo Química Arena,,,,Corinthians,Paysandu SC,,,,,,,,,2.0,1.0,,,,,,,,,,,,,,,,
248,2004,2004-06-20,10,Neo Química Arena,,,,Corinthians,Flamengo,,,,,,,,,1.0,1.0,,,,,,,,,,,,,,,,
249,2004,2004-08-21,26,Neo Química Arena,,,,Corinthians,Grêmio,,,,,,,,,1.0,1.0,,,,,,,,,,,,,,,,
250,2004,2004-04-29,3,Estádio Major Antônio Couto Pereira,,,,Coritiba FC,Internacional,,,,,,,,,1.0,1.0,,,,,,,,,,,,,,,,
251,2004,2004-05-22,7,Estádio Major Antônio Couto Pereira,,,,Coritiba FC,Atlético-MG,,,,,,,,,0.0,1.0,,,,,,,,,,,,,,,,
252,2004,2004-06-26,11,Estádio Major Antônio Couto Pereira,,,,Coritiba FC,Paraná,,,,,,,,,1.0,1.0,,,,,,,,,,,,,,,,
253,2004,2004-07-18,16,Estádio Major Antônio Couto Pereira,,,,Coritiba FC,Paysandu SC,,,,,,,,,1.0,1.0,,,,,,,,,,,,,,,,
254,2004,2004-09-29,33,Estádio Major Antônio Couto Pereira,,,,Coritiba FC,Grêmio,,,,,,,,,2.0,1.0,,,,,,,,,,,,,,,,
255,2004,2004-10-07,35,Estádio Major Antônio Couto Pereira,,,,Coritiba FC,Cruzeiro,,,,,,,,,1.0,1.0,,,,,,,,,,,,,,,,
256,2004,2004-10-28,38,Estádio Major Antônio Couto Pereira,,,,Coritiba FC,Vasco da Gama,,,,,,,,,0.0,1.0,,,,,,,,,,,,,,,,
257,2004,2004-04-25,2,Estádio Manoel Barradas,,,,EC Vitória,Paraná,,,,,,,,,6.0,1.0,,,,,,,,,,,,,,,,
258,2004,2004-05-02,4,Estádio Manoel Barradas,,,,EC Vitória,Figueirense FC,,,,,,,,,3.0,1.0,,,,,,,,,,,,,,,,
259,2004,2004-05-09,5,Estádio Manoel Barradas,,,,EC Vitória,Flamengo,,,,,,,,,5.0,1.0,,,,,,,,,,,,,,,,
260,2004,2004-05-29,8,Estádio Manoel Barradas,,,,EC Vitória,Internacional,,,,,,,,,2.0,1.0,,,,,,,,,,,,,,,,
261,2004,2004-07-17,16,Estádio Manoel Barradas,,,,EC Vitória,Corinthians,,,,,,,,,1.0,1.0,,,,,,,,,,,,,,,,
262,2004,2004-10-02,34,Estádio Manoel Barradas,,,,EC Vitória,Paysandu SC,,,,,,,,,4.0,1.0,,,,,,,,,,,,,,,,
263,2004,2004-10-16,36,Estádio Manoel Barradas,,,,EC Vitória,Vasco da Gama,,,,,,,,,4.0,1.0,,,,,,,,,,,,,,,,
264,2004,2004-10-27,38,Estádio Manoel Barradas,,,,EC Vitória,Atlético-MG,,,,,,,,,2.0,1.0,,,,,,,,,,,,,,,,
265,2004,2004-08-05,21,Estádio Estadual Jornalista Edgar Augusto Proença,,,,Paysandu SC,Atlético-MG,,,,,,,,,2.0,1.0,,,,,,,,,,,,,,,,
266,2004,2004-08-12,23,Estádio Estadual Jornalista Edgar Augusto Proença,,,,Paysandu SC,Juventude,,,,,,,,,0.0,1.0,,,,,,,,,,,,,,,,
267,2004,2004-08-19,25,Estádio Estadual Jornalista Edgar Augusto Proença,,,,Paysandu SC,Corinthians,,,,,,,,,2.0,1.0,,,,,,,,,,,,,,,,
268,2004,2004-08-28,27,Estádio Estadual Jornalista Edgar Augusto Proença,,,,Paysandu SC,Internacional,,,,,,,,,2.0,1.0,,,,,,,,,,,,,,,,
269,2004,2004-09-19,31,Estádio Estadual Jornalista Edgar Augusto Proença,,,,Paysandu SC,Figueirense FC,,,,,,,,,3.0,1.0,,,,,,,,,,,,,,,,
270,2004,2004-09-25,32,Estádio Estadual Jornalista Edgar Augusto Proença,,,,Paysandu SC,Cruzeiro,,,,,,,,,3.0,1.0,,,,,,,,,,,,,,,,
271,2004,2004-05-29,8,Estádio Moisés Lucarelli,,,,Ponte Preta,Juventude,,,,,,,,,0.0,1.0,,,,,,,,,,,,,,,,
272,2004,2004-07-10,14,Estádio Moisés Lucarelli,,,,Ponte Preta,Guarani,,,,,,,,,3.0,1.0,,,,,,,,,,,,,,,,
273,2004,2004-08-29,27,Estádio Moisés Lucarelli,,,,Ponte Preta,Atlético-MG,,,,,,,,,1.0,1.0,,,,,,,,,,,,,,,,
274,2004,2004-09-30,33,Estádio Moisés Lucarelli,,,,Ponte Preta,Botafogo,,,,,,,,,1.0,1.0,,,,,,,,,,,,,,,,
275,2004,2004-10-07,35,Estádio Moisés Lucarelli,,,,Ponte Preta,São Paulo,,,,,,,,,0.0,1.0,,,,,,,,,,,,,,,,
276,2004,2004-04-25,2,Estádio Raimundo Sampaio,,,,Atlético-MG,Vasco da Gama,,,,,,,,,1.0,1.0,,,,,,,,,,,,,,,,
277,2004,2004-06-20,10,Estádio Raimundo Sampaio,,,,Atlético-MG,Fluminense,,,,,,,,,2.0,1.0,,,,,,,,,,,,,,,,
278,2004,2004-06-27,11,Estádio Raimundo Sampaio,,,,Atlético-MG,Atlético-PR,,,,,,,,,0.0,1.0,,,,,,,,,,,,,,,,
279,2004,2004-07-14,15,Estádio Raimundo Sampaio,,,,Atlético-MG,EC Vitória,,,,,,,,,1.0,1.0,,,,,,,,,,,,,,,,
280,2004,2004-07-30,19,Estádio Raimundo Sampaio,,,,Atlético-MG,Paraná,,,,,,,,,4.0,1.0,,,,,,,,,,,,,,,,
281,2004,2004-08-01,20,Estádio Raimundo Sampaio,,,,Atlético-MG,Figueirense FC,,,,,,,,,3.0,1.0,,,,,,,,,,,,,,,,
282,2004,2004-08-22,26,Estádio Raimundo Sampaio,,,,Atlético-MG,Botafogo,,,,,,,,,1.0,1.0,,,,,,,,,,,,,,,,
283,2004,2004-09-09,29,Estádio Raimundo Sampaio,,,,Atlético-MG,Juventude,,,,,,,,,1.0,1.0,,,,,,,,,,,,,,,,
284,2004,2004-09-12,30,Estádio Raimundo Sampaio,,,,Atlético-MG,Coritiba FC,,,,,,,,,2.0,1.0,,,,,,,,,,,,,,,,
285,2004,2004-09-25,32,Estádio Raimundo Sampaio,,,,Atlético-MG,Internacional,,,,,,,,,1.0,1.0,,,,,,,,,,,,,,,,
286,2004,2004-05-02,4,Arena da Baixada,,,,Atlético-PR,Coritiba FC,,,,,,,,,1.0,1.0,,,,,,,,,,,,,,,,
287,2004,2004-05-30,8,Arena da Baixada,,,,Atlético-PR,Cruzeiro,,,,,,,,,3.0,1.0,,,,,,,,,,,,,,,,
288,2004,2004-07-03,12,Arena da Baixada,,,,Atlético-PR,Juventude,,,,,,,,,4.0,1.0,,,,,,,,,,,,,,,,
289,2004,2004-07-21,17,Arena da Baixada,,,,Atlético-PR,Fluminense,,,,,,,,,4.0,1.0,,,,,,,,,,,,,,,,
290,2004,2004-09-12,30,Arena da Baixada,,,,Atlético-PR,Corinthians,,,,,,,,,3.0,1.0,,,,,,,,,,,,,,,,
291,2004,2004-09-26,32,Arena da Baixada,,,,Atlético-PR,Flamengo,,,,,,,,,2.0,1.0,,,,,,,,,,,,,,,,
292,2004,2004-10-17,36,Arena da Baixada,,,,Atlético-PR,Paraná,,,,,,,,,1.0,1.0,,,,,,,,,,,,,,,,
293,2004,2004-04-25,2,Estádio Heriberto Hülse,,,,Criciúma EC,São Paulo,,,,,,,,,1.0,1.0,,,,,,,,,,,,,,,,
294,2004,2004-07-08,13,Estádio Heriberto Hülse,,,,Criciúma EC,Flamengo,,,,,,,,,1.0,1.0,,,,,,,,,,,,,,,,
295,2004,2004-07-24,18,Estádio Heriberto Hülse,,,,Criciúma EC,Atlético-PR,,,,,,,,,4.0,1.0,,,,,,,,,,,,,,,,
296,2004,2004-08-01,20,Estádio Heriberto Hülse,,,,Criciúma EC,Ponte Preta,,,,,,,,,3.0,1.0,,,,,,,,,,,,,,,,
297,2004,2004-09-30,33,Estádio Heriberto Hülse,,,,Criciúma EC,Guarani,,,,,,,,,1.0,1.0,,,,,,,,,,,,,,,,
298,2004,2004-10-24,37,Estádio Heriberto Hülse,,,,Criciúma EC,Figueirense FC,,,,,,,,,2.0,1.0,,,,,,,,,,,,,,,,
299,2004,2004-10-28,38,Estádio Heriberto Hülse,,,,Criciúma EC,Corinthians,,,,,,,,,1.0,1.0,,,,,,,,,,,,,,,,
300,2004,2004-06-20,10,Estádio Municipal Anacleto Campanella,,,,São Caetano,Palmeiras,,,,,,,,,1.0,1.0,,,,,,,,,,,,,,,,
301,2004,2004-07-21,17,Estádio Municipal Anacleto Campanella,,,,São Caetano,Ponte Preta,,,,,,,,,0.0,1.0,,,,,,,,,,,,,,,,
302,2004,2004-08-13,23,Estádio Municipal Anacleto Campanella,,,,São Caetano,Atlético-MG,,,,,,,,,1.0,1.0,,,,,,,,,,,,,,,,
303,2004,2004-08-29,27,Estádio Municipal Anacleto Campanella,,,,São Caetano,Flamengo,,,,,,,,,0.0,1.0,,,,,,,,,,,,,,,,
304,2004,2004-06-12,9,Estádio Beira-Rio,,,,Internacional,Atlético-MG,,,,,,,,,4.0,1.0,,,,,,,,,,,,,,,,
305,2004,2004-08-01,20,Estádio Beira-Rio,,,,Internacional,São Paulo,,,,,,,,,1.0,1.0,,,,,,,,,,,,,,,,
306,2004,2004-08-22,26,Estádio Beira-Rio,,,,Internacional,Coritiba FC,,,,,,,,,1.0,1.0,,,,,,,,,,,,,,,,
307,2004,2004-09-19,31,Estádio Beira-Rio,,,,Internacional,EC Vitória,,,,,,,,,2.0,1.0,,,,,,,,,,,,,,,,
308,2004,2004-09-30,33,Estádio Beira-Rio,,,,Internacional,Santos FC,,,,,,,,,2.0,1.0,,,,,,,,,,,,,,,,
309,2004,2004-10-17,36,Estádio Beira-Rio,,,,Internacional,Botafogo,,,,,,,,,3.0,1.0,,,,,,,,,,,,,,,,
310,2004,2004-04-23,1,Estádio São Januário,,,,Vasco da Gama,Criciúma EC,,,,,,,,,0.0,1.0,,,,,,,,,,,,,,,,
311,2004,2004-04-30,3,Estádio São Januário,,,,Vasco da Gama,Guarani,,,,,,,,,0.0,1.0,,,,,,,,,,,,,,,,
312,2004,2004-05-08,5,Estádio São Januário,,,,Vasco da Gama,Grêmio,,,,,,,,,1.0,1.0,,,,,,,,,,,,,,,,
313,2004,2004-07-07,13,Estádio São Januário,,,,Vasco da Gama,EC Vitória,,,,,,,,,3.0,1.0,,,,,,,,,,,,,,,,
314,2004,2004-07-30,19,Estádio São Januário,,,,Vasco da Gama,Goiás EC,,,,,,,,,3.0,1.0,,,,,,,,,,,,,,,,
315,2004,2004-08-29,27,Estádio São Januário,,,,Vasco da Gama,Fluminense,,,,,,,,,1.0,1.0,,,,,,,,,,,,,,,,
316,2004,2004-09-07,29,Estádio São Januário,,,,Vasco da Gama,Paysandu SC,,,,,,,,,0.0,1.0,,,,,,,,,,,,,,,,
317,2004,2004-04-29,3,Estádio Orlando Scarpelli,,,,Figueirense FC,Santos FC,,,,,,,,,2.0,1.0,,,,,,,,,,,,,,,,
318,2004,2004-05-29,8,Estádio Orlando Scarpelli,,,,Figueirense FC,Paysandu SC,,,,,,,,,1.0,1.0,,,,,,,,,,,,,,,,
319,2004,2004-07-21,17,Estádio Orlando Scarpelli,,,,Figueirense FC,Coritiba FC,,,,,,,,,1.0,1.0,,,,,,,,,,,,,,,,
320,2004,2004-07-29,19,Estádio Orlando Scarpelli,,,,Figueirense FC,Fluminense,,,,,,,,,2.0,1.0,,,,,,,,,,,,,,,,
321,2004,2004-08-05,21,Estádio Orlando Scarpelli,,,,Figueirense FC,Guarani,,,,,,,,,1.0,1.0,,,,,,,,,,,,,,,,
322,2004,2004-08-12,23,Estádio Orlando Scarpelli,,,,Figueirense FC,Corinthians,,,,,,,,,0.0,1.0,,,,,,,,,,,,,,,,
323,2004,2004-08-19,25,Estádio Orlando Scarpelli,,,,Figueirense FC,Atlético-PR,,,,,,,,,1.0,1.0,,,,,,,,,,,,,,,,
324,2004,2004-08-29,27,Estádio Orlando Scarpelli,,,,Figueirense FC,EC Vitória,,,,,,,,,2.0,1.0,,,,,,,,,,,,,,,,
325,2004,2004-09-12,30,Estádio Orlando Scarpelli,,,,Figueirense FC,Botafogo,,,,,,,,,3.0,1.0,,,,,,,,,,,,,,,,
326,2004,2004-09-25,32,Estádio Orlando Scarpelli,,,,Figueirense FC,Ponte Preta,,,,,,,,,0.0,1.0,,,,,,,,,,,,,,,,
327,2004,2004-05-16,6,Arena do Grêmio,,,,Grêmio,Botafogo,,,,,,,,,2.0,2.0,,,,,,,,,,,,,,,,
328,2004,2004-05-30,8,Arena do Grêmio,,,,Grêmio,São Caetano,,,,,,,,,1.0,2.0,,,,,,,,,,,,,,,,
329,2004,2004-07-07,13,Arena do Grêmio,,,,Grêmio,Figueirense FC,,,,,,,,,2.0,2.0,,,,,,,,,,,,,,,,
330,2004,2004-09-03,28,Arena do Grêmio,,,,Grêmio,Vasco da Gama,,,,,,,,,1.0,2.0,,,,,,,,,,,,,,,,
331,2004,2004-08-01,20,Estádio Brinco de Ouro da Princesa,,,,Guarani,Botafogo,,,,,,,,,0.0,2.0,,,,,,,,,,,,,,,,
332,2004,2004-04-22,1,Estádio Durival Britto e Silva,,,,Paraná,Santos FC,,,,,,,,,3.0,2.0,,,,,,,,,,,,,,,,
333,2004,2004-07-04,12,Estádio Durival Britto e Silva,,,,Paraná,Palmeiras,,,,,,,,,1.0,2.0,,,,,,,,,,,,,,,,
334,2004,2004-08-12,23,Estádio Durival Britto e Silva,,,,Paraná,Internacional,,,,,,,,,1.0,2.0,,,,,,,,,,,,,,,,
335,2004,2004-08-28,27,Estádio Durival Britto e Silva,,,,Paraná,Juventude,,,,,,,,,1.0,2.0,,,,,,,,,,,,,,,,
336,2004,2004-09-09,29,Estádio Durival Britto e Silva,,,,Paraná,São Paulo,,,,,,,,,0.0,2.0,,,,,,,,,,,,,,,,
337,2004,2004-10-24,37,Estádio Durival Britto e Silva,,,,Paraná,Corinthians,,,,,,,,,1.0,2.0,,,,,,,,,,,,,,,,
338,2004,2004-04-29,3,Estádio Olímpico Nilton Santos,,,,Botafogo,Atlético-MG,,,,,,,,,2.0,2.0,,,,,,,,,,,,,,,,
339,2004,2004-05-09,5,Estádio Olímpico Nilton Santos,,,,Botafogo,Paysandu SC,,,,,,,,,2.0,2.0,,,,,,,,,,,,,,,,
340,2004,2004-09-19,31,Estádio Olímpico Nilton Santos,,,,Botafogo,Vasco da Gama,,,,,,,,,2.0,2.0,,,,,,,,,,,,,,,,
341,2004,2004-04-29,3,Estádio Governador Magalhães Pinto,,,,Cruzeiro,Criciúma EC,,,,,,,,,2.0,2.0,,,,,,,,,,,,,,,,
342,2004,2004-07-17,16,Estádio Governador Magalhães Pinto,,,,Cruzeiro,Botafogo,,,,,,,,,3.0,2.0,,,,,,,,,,,,,,,,
343,2004,2004-05-16,6,Estádio Jornalista Mário Filho,,,,Flamengo,Internacional,,,,,,,,,1.0,2.0,,,,,,,,,,,,,,,,
344,2004,2004-05-23,7,Estádio Jornalista Mário Filho,,,,Flamengo,Fluminense,,,,,,,,,1.0,2.0,,,,,,,,,,,,,,,,
345,2004,2004-04-24,2,Estádio de Hailé Pinheiro,,,,Goiás EC,Cruzeiro,,,,,,,,,2.0,2.0,,,,,,,,,,,,,,,,
346,2004,2004-05-30,8,Estádio de Hailé Pinheiro,,,,Goiás EC,Flamengo,,,,,,,,,2.0,2.0,,,,,,,,,,,,,,,,
347,2004,2004-06-27,11,Estádio de Hailé Pinheiro,,,,Goiás EC,São Caetano,,,,,,,,,3.0,2.0,,,,,,,,,,,,,,,,
348,2004,2004-07-10,14,Estádio de Hailé Pinheiro,,,,Goiás EC,Paysandu SC,,,,,,,,,3.0,2.0,,,,,,,,,,,,,,,,
349,2004,2004-08-07,22,Estádio de Hailé Pinheiro,,,,Goiás EC,Coritiba FC,,,,,,,,,1.0,2.0,,,,,,,,,,,,,,,,
350,2004,2004-09-30,33,Estádio de Hailé Pinheiro,,,,Goiás EC,Juventude,,,,,,,,,1.0,2.0,,,,,,,,,,,,,,,,
351,2004,2004-07-21,17,Estádio Alfredo Jaconi,,,,Juventude,EC Vitória,,,,,,,,,3.0,2.0,,,,,,,,,,,,,,,,
352,2004,2004-07-29,19,Estádio Alfredo Jaconi,,,,Juventude,São Paulo,,,,,,,,,1.0,2.0,,,,,,,,,,,,,,,,
353,2004,2004-08-22,26,Estádio Alfredo Jaconi,,,,Juventude,São Caetano,,,,,,,,,2.0,2.0,,,,,,,,,,,,,,,,
354,2004,2004-09-02,28,Estádio Alfredo Jaconi,,,,Juventude,Santos FC,,,,,,,,,1.0,2.0,,,,,,,,,,,,,,,,
355,2004,2004-09-19,31,Estádio Alfredo Jaconi,,,,Juventude,Ponte Preta,,,,,,,,,1.0,2.0,,,,,,,,,,,,,,,,
356,2004,2004-10-17,36,Estádio Alfredo Jaconi,,,,Juventude,Palmeiras,,,,,,,,,0.0,2.0,,,,,,,,,,,,,,,,
357,2004,2004-04-30,3,Allianz Parque,,,,Palmeiras,EC Vitória,,,,,,,,,2.0,2.0,,,,,,,,,,,,,,,,
358,2004,2004-06-13,9,Allianz Parque,,,,Palmeiras,Vasco da Gama,,,,,,,,,2.0,2.0,,,,,,,,,,,,,,,,
359,2004,2004-08-13,23,Allianz Parque,,,,Palmeiras,Fluminense,,,,,,,,,3.0,2.0,,,,,,,,,,,,,,,,
360,2004,2004-09-12,30,Allianz Parque,,,,Palmeiras,Santos FC,,,,,,,,,1.0,2.0,,,,,,,,,,,,,,,,
361,2004,2004-07-21,17,Estádio Urbano Caldeira,,,,Santos FC,Criciúma EC,,,,,,,,,5.0,2.0,,,,,,,,,,,,,,,,
362,2004,2004-07-30,19,Estádio Urbano Caldeira,,,,Santos FC,Coritiba FC,,,,,,,,,4.0,2.0,,,,,,,,,,,,,,,,
363,2004,2004-05-16,6,Estádio Cícero Pompeu de Toledo,,,,São Paulo,Paraná,,,,,,,,,2.0,2.0,,,,,,,,,,,,,,,,
364,2004,2004-06-12,9,Estádio Cícero Pompeu de Toledo,,,,São Paulo,Grêmio,,,,,,,,,3.0,2.0,,,,,,,,,,,,,,,,
365,2004,2004-10-28,38,Estádio Cícero Pompeu de Toledo,,,,São Paulo,São Caetano,,,,,,,,,4.0,2.0,,,,,,,,,,,,,,,,
366,2004,2004-08-08,22,Neo Química Arena,,,,Corinthians,Botafogo,,,,,,,,,2.0,2.0,,,,,,,,,,,,,,,,
367,2004,2004-10-03,34,Neo Química Arena,,,,Corinthians,Juventude,,,,,,,,,1.0,2.0,,,,,,,,,,,,,,,,
368,2004,2004-05-09,5,Estádio Major Antônio Couto Pereira,,,,Coritiba FC,São Paulo,,,,,,,,,1.0,2.0,,,,,,,,,,,,,,,,
369,2004,2004-07-08,13,Estádio Major Antônio Couto Pereira,,,,Coritiba FC,Corinthians,,,,,,,,,1.0,2.0,,,,,,,,,,,,,,,,
370,2004,2004-08-29,27,Estádio Major Antônio Couto Pereira,,,,Coritiba FC,Atlético-PR,,,,,,,,,1.0,2.0,,,,,,,,,,,,,,,,
371,2004,2004-06-13,9,Estádio Manoel Barradas,,,,EC Vitória,Santos FC,,,,,,,,,1.0,2.0,,,,,,,,,,,,,,,,
372,2004,2004-07-24,18,Estádio Manoel Barradas,,,,EC Vitória,Guarani,,,,,,,,,3.0,2.0,,,,,,,,,,,,,,,,
373,2004,2004-08-01,20,Estádio Manoel Barradas,,,,EC Vitória,Coritiba FC,,,,,,,,,2.0,2.0,,,,,,,,,,,,,,,,
374,2004,2004-08-08,22,Estádio Manoel Barradas,,,,EC Vitória,Cruzeiro,,,,,,,,,3.0,2.0,,,,,,,,,,,,,,,,
375,2004,2004-08-15,24,Estádio Manoel Barradas,,,,EC Vitória,São Caetano,,,,,,,,,1.0,2.0,,,,,,,,,,,,,,,,
376,2004,2004-08-22,26,Estádio Manoel Barradas,,,,EC Vitória,Palmeiras,,,,,,,,,2.0,2.0,,,,,,,,,,,,,,,,
377,2004,2004-05-15,6,Estádio Estadual Jornalista Edgar Augusto Proença,,,,Paysandu SC,Vasco da Gama,,,,,,,,,1.0,2.0,,,,,,,,,,,,,,,,
378,2004,2004-06-27,11,Estádio Estadual Jornalista Edgar Augusto Proença,,,,Paysandu SC,EC Vitória,,,,,,,,,4.0,2.0,,,,,,,,,,,,,,,,
379,2004,2004-07-29,19,Estádio Estadual Jornalista Edgar Augusto Proença,,,,Paysandu SC,Criciúma EC,,,,,,,,,2.0,2.0,,,,,,,,,,,,,,,,
380,2004,2004-10-08,35,Estádio Estadual Jornalista Edgar Augusto Proença,,,,Paysandu SC,Flamengo,,,,,,,,,2.0,2.0,,,,,,,,,,,,,,,,
381,2004,2004-10-23,37,Estádio Estadual Jornalista Edgar Augusto Proença,,,,Paysandu SC,Goiás EC,,,,,,,,,4.0,2.0,,,,,,,,,,,,,,,,
382,2004,2004-04-22,1,Estádio Moisés Lucarelli,,,,Ponte Preta,Corinthians,,,,,,,,,3.0,2.0,,,,,,,,,,,,,,,,
383,2004,2004-06-13,9,Estádio Moisés Lucarelli,,,,Ponte Preta,Figueirense FC,,,,,,,,,0.0,2.0,,,,,,,,,,,,,,,,
384,2004,2004-07-18,16,Estádio Moisés Lucarelli,,,,Ponte Preta,Vasco da Gama,,,,,,,,,3.0,2.0,,,,,,,,,,,,,,,,
385,2004,2004-08-05,21,Estádio Moisés Lucarelli,,,,Ponte Preta,Fluminense,,,,,,,,,3.0,2.0,,,,,,,,,,,,,,,,
386,2004,2004-09-12,30,Estádio Moisés Lucarelli,,,,Ponte Preta,Paraná,,,,,,,,,0.0,2.0,,,,,,,,,,,,,,,,
387,2004,2004-05-01,4,Estádio Raimundo Sampaio,,,,Atlético-MG,Ponte Preta,,,,,,,,,1.0,2.0,,,,,,,,,,,,,,,,
388,2004,2004-05-09,5,Estádio Raimundo Sampaio,,,,Atlético-MG,Corinthians,,,,,,,,,2.0,2.0,,,,,,,,,,,,,,,,
389,2004,2004-07-21,17,Estádio Raimundo Sampaio,,,,Atlético-MG,Goiás EC,,,,,,,,,0.0,2.0,,,,,,,,,,,,,,,,
390,2004,2004-08-15,24,Estádio Raimundo Sampaio,,,,Atlético-MG,Palmeiras,,,,,,,,,1.0,2.0,,,,,,,,,,,,,,,,
391,2004,2004-10-08,35,Estádio Raimundo Sampaio,,,,Atlético-MG,Guarani,,,,,,,,,3.0,2.0,,,,,,,,,,,,,,,,
392,2004,2004-05-16,6,Estádio Heriberto Hülse,,,,Criciúma EC,Goiás EC,,,,,,,,,7.0,2.0,,,,,,,,,,,,,,,,
393,2004,2004-06-26,11,Estádio Heriberto Hülse,,,,Criciúma EC,Grêmio,,,,,,,,,1.0,2.0,,,,,,,,,,,,,,,,
394,2004,2004-07-18,16,Estádio Heriberto Hülse,,,,Criciúma EC,Atlético-MG,,,,,,,,,4.0,2.0,,,,,,,,,,,,,,,,
395,2004,2004-08-08,22,Estádio Heriberto Hülse,,,,Criciúma EC,Palmeiras,,,,,,,,,1.0,2.0,,,,,,,,,,,,,,,,
396,2004,2004-08-22,26,Estádio Heriberto Hülse,,,,Criciúma EC,Cruzeiro,,,,,,,,,1.0,2.0,,,,,,,,,,,,,,,,
397,2004,2004-09-18,31,Estádio Heriberto Hülse,,,,Criciúma EC,Fluminense,,,,,,,,,0.0,2.0,,,,,,,,,,,,,,,,
398,2004,2004-05-23,7,Estádio Municipal Anacleto Campanella,,,,São Caetano,Vasco da Gama,,,,,,,,,3.0,2.0,,,,,,,,,,,,,,,,
399,2004,2004-07-04,12,Estádio Municipal Anacleto Campanella,,,,São Caetano,Botafogo,,,,,,,,,1.0,2.0,,,,,,,,,,,,,,,,
400,2004,2004-07-24,18,Estádio Beira-Rio,,,,Internacional,Juventude,,,,,,,,,1.0,2.0,,,,,,,,,,,,,,,,
401,2004,2004-08-08,22,Estádio Beira-Rio,,,,Internacional,Ponte Preta,,,,,,,,,1.0,2.0,,,,,,,,,,,,,,,,
402,2004,2004-07-21,17,Estádio São Januário,,,,Vasco da Gama,Cruzeiro,,,,,,,,,3.0,2.0,,,,,,,,,,,,,,,,
403,2004,2004-09-11,30,Estádio São Januário,,,,Vasco da Gama,São Caetano,,,,,,,,,1.0,2.0,,,,,,,,,,,,,,,,
404,2004,2004-07-03,12,Estádio Orlando Scarpelli,,,,Figueirense FC,Vasco da Gama,,,,,,,,,2.0,2.0,,,,,,,,,,,,,,,,
405,2004,2004-09-02,28,Estádio Orlando Scarpelli,,,,Figueirense FC,Goiás EC,,,,,,,,,3.0,2.0,,,,,,,,,,,,,,,,
406,2004,2004-10-02,34,Estádio Orlando Scarpelli,,,,Figueirense FC,Flamengo,,,,,,,,,3.0,2.0,,,,,,,,,,,,,,,,
407,2004,2004-07-14,15,Arena do Grêmio,,,,Grêmio,Cruzeiro,,,,,,,,,2.0,3.0,,,,,,,,,,,,,,,,
408,2004,2004-10-07,35,Arena do Grêmio,,,,Grêmio,Fluminense,,,,,,,,,2.0,3.0,,,,,,,,,,,,,,,,
409,2004,2004-10-23,37,Arena do Grêmio,,,,Grêmio,Internacional,,,,,,,,,1.0,3.0,,,,,,,,,,,,,,,,
410,2004,2004-05-02,4,Estádio Brinco de Ouro da Princesa,,,,Guarani,São Paulo,,,,,,,,,2.0,3.0,,,,,,,,,,,,,,,,
411,2004,2004-08-05,21,Estádio Durival Britto e Silva,,,,Paraná,Criciúma EC,,,,,,,,,0.0,3.0,,,,,,,,,,,,,,,,
412,2004,2004-06-27,11,Estádio Olímpico Nilton Santos,,,,Botafogo,Fluminense,,,,,,,,,3.0,3.0,,,,,,,,,,,,,,,,
413,2004,2004-09-26,32,Estádio Olímpico Nilton Santos,,,,Botafogo,Paraná,,,,,,,,,4.0,3.0,,,,,,,,,,,,,,,,
414,2004,2004-07-04,12,Estádio Governador Magalhães Pinto,,,,Cruzeiro,Coritiba FC,,,,,,,,,0.0,3.0,,,,,,,,,,,,,,,,
415,2004,2004-08-19,25,Estádio Governador Magalhães Pinto,,,,Cruzeiro,Goiás EC,,,,,,,,,1.0,3.0,,,,,,,,,,,,,,,,
416,2004,2004-09-29,33,Estádio Governador Magalhães Pinto,,,,Cruzeiro,Figueirense FC,,,,,,,,,3.0,3.0,,,,,,,,,,,,,,,,
417,2004,2004-10-23,37,Estádio Governador Magalhães Pinto,,,,Cruzeiro,Atlético-MG,,,,,,,,,0.0,3.0,,,,,,,,,,,,,,,,
418,2004,2004-06-26,11,Estádio Jornalista Mário Filho,,,,Flamengo,Figueirense FC,,,,,,,,,0.0,3.0,,,,,,,,,,,,,,,,
419,2004,2004-07-25,18,Estádio de Hailé Pinheiro,,,,Goiás EC,Santos FC,,,,,,,,,3.0,3.0,,,,,,,,,,,,,,,,
420,2004,2004-10-08,35,Estádio Alfredo Jaconi,,,,Juventude,Atlético-PR,,,,,,,,,3.0,3.0,,,,,,,,,,,,,,,,
421,2004,2004-08-05,21,Allianz Parque,,,,Palmeiras,Goiás EC,,,,,,,,,0.0,3.0,,,,,,,,,,,,,,,,
422,2004,2004-09-07,29,Allianz Parque,,,,Palmeiras,Cruzeiro,,,,,,,,,1.0,3.0,,,,,,,,,,,,,,,,
423,2004,2004-05-02,4,Estádio Urbano Caldeira,,,,Santos FC,Cruzeiro,,,,,,,,,1.0,3.0,,,,,,,,,,,,,,,,
424,2004,2004-08-28,27,Estádio Cícero Pompeu de Toledo,,,,São Paulo,Guarani,,,,,,,,,3.0,3.0,,,,,,,,,,,,,,,,
425,2004,2004-09-02,28,Estádio Cícero Pompeu de Toledo,,,,São Paulo,Coritiba FC,,,,,,,,,2.0,3.0,,,,,,,,,,,,,,,,
426,2004,2004-07-04,12,Neo Química Arena,,,,Corinthians,Santos FC,,,,,,,,,2.0,3.0,,,,,,,,,,,,,,,,
427,2004,2004-10-23,37,Estádio Major Antônio Couto Pereira,,,,Coritiba FC,Juventude,,,,,,,,,2.0,3.0,,,,,,,,,,,,,,,,
428,2004,2004-09-10,29,Estádio Manoel Barradas,,,,EC Vitória,Fluminense,,,,,,,,,2.0,3.0,,,,,,,,,,,,,,,,
429,2004,2004-09-30,33,Estádio Manoel Barradas,,,,EC Vitória,Atlético-PR,,,,,,,,,2.0,3.0,,,,,,,,,,,,,,,,
430,2004,2004-04-23,1,Estádio Estadual Jornalista Edgar Augusto Proença,,,,Paysandu SC,Fluminense,,,,,,,,,3.0,3.0,,,,,,,,,,,,,,,,
431,2004,2004-04-29,3,Estádio Estadual Jornalista Edgar Augusto Proença,,,,Paysandu SC,Atlético-PR,,,,,,,,,0.0,3.0,,,,,,,,,,,,,,,,
432,2004,2004-05-22,7,Estádio Estadual Jornalista Edgar Augusto Proença,,,,Paysandu SC,Grêmio,,,,,,,,,1.0,3.0,,,,,,,,,,,,,,,,
433,2004,2004-05-30,8,Estádio Raimundo Sampaio,,,,Atlético-MG,Santos FC,,,,,,,,,3.0,3.0,,,,,,,,,,,,,,,,
434,2004,2004-04-25,2,Arena da Baixada,,,,Atlético-PR,Figueirense FC,,,,,,,,,0.0,3.0,,,,,,,,,,,,,,,,
435,2004,2004-06-19,10,Arena da Baixada,,,,Atlético-PR,EC Vitória,,,,,,,,,1.0,3.0,,,,,,,,,,,,,,,,
436,2004,2004-08-05,21,Estádio Municipal Anacleto Campanella,,,,São Caetano,Atlético-PR,,,,,,,,,0.0,3.0,,,,,,,,,,,,,,,,
437,2004,2004-06-27,11,Estádio Beira-Rio,,,,Internacional,Vasco da Gama,,,,,,,,,1.0,3.0,,,,,,,,,,,,,,,,
438,2004,2004-10-28,38,Estádio Beira-Rio,,,,Internacional,Guarani,,,,,,,,,1.0,3.0,,,,,,,,,,,,,,,,
439,2004,2004-07-14,15,Estádio São Januário,,,,Vasco da Gama,Coritiba FC,,,,,,,,,2.0,3.0,,,,,,,,,,,,,,,,
440,2004,2004-08-05,21,Estádio São Januário,,,,Vasco da Gama,Corinthians,,,,,,,,,1.0,3.0,,,,,,,,,,,,,,,,
441,2004,2004-08-12,23,Estádio São Januário,,,,Vasco da Gama,Santos FC,,,,,,,,,2.0,3.0,,,,,,,,,,,,,,,,
442,2004,2004-08-19,25,Arena do Grêmio,,,,Grêmio,Juventude,,,,,,,,,2.0,4.0,,,,,,,,,,,,,,,,
443,2004,2004-04-21,1,Estádio Olímpico Nilton Santos,,,,Botafogo,Goiás EC,,,,,,,,,1.0,4.0,,,,,,,,,,,,,,,,
444,2004,2004-08-29,27,Estádio Governador Magalhães Pinto,,,,Cruzeiro,Santos FC,,,,,,,,,4.0,4.0,,,,,,,,,,,,,,,,
445,2004,2004-09-02,28,Estádio Governador Magalhães Pinto,,,,Cruzeiro,Paraná,,,,,,,,,1.0,4.0,,,,,,,,,,,,,,,,
446,2004,2004-09-19,31,Estádio Governador Magalhães Pinto,,,,Cruzeiro,Atlético-PR,,,,,,,,,2.0,4.0,,,,,,,,,,,,,,,,
447,2004,2004-05-23,7,Estádio Urbano Caldeira,,,,Santos FC,Palmeiras,,,,,,,,,0.0,4.0,,,,,,,,,,,,,,,,
448,2004,2004-10-02,34,Estádio Jornalista Mário Filho,,,,Fluminense,Botafogo,,,,,,,,,1.0,4.0,,,,,,,,,,,,,,,,
449,2004,2004-10-16,36,Estádio Jornalista Mário Filho,,,,Fluminense,Goiás EC,,,,,,,,,1.0,4.0,,,,,,,,,,,,,,,,
450,2004,2004-05-02,4,Neo Química Arena,,,,Corinthians,Palmeiras,,,,,,,,,0.0,4.0,,,,,,,,,,,,,,,,
451,2004,2004-07-08,13,Estádio Moisés Lucarelli,,,,Ponte Preta,Santos FC,,,,,,,,,0.0,4.0,,,,,,,,,,,,,,,,
452,2004,2004-09-02,28,Estádio Heriberto Hülse,,,,Criciúma EC,São Caetano,,,,,,,,,0.0,4.0,,,,,,,,,,,,,,,,
453,2004,2004-05-23,7,Neo Química Arena,,,,Corinthians,Atlético-PR,,,,,,,,,0.0,5.0,,,,,,,,,,,,,,,,
454,2004,2004-10-17,36,Estádio Raimundo Sampaio,,,,Atlético-MG,São Paulo,,,,,,,,,0.0,5.0,,,,,,,,,,,,,,,,
455,2004,2004-09-26,32,Estádio São Januário,,,,Vasco da Gama,Palmeiras,,,,,,,,,2.0,5.0,,,,,,,,,,,,,,,,
